catagory,title,link,location,time
skilled trades/artisan,CLP is looking for a Electrical Apprentices,/gbs/trd/4811101422.html,,2014-12-18 15:24
food/beverage/hospitality,Kitchen Staff,/nos/fbh/4811100437.html,Newburyport MA,2014-12-18 15:23
skilled trades/artisan,Experienced TIG Welder,/nwb/trd/4811097889.html,Chelmsford Ma,2014-12-18 15:21
sales,Legal Recruiter - Boston,/gbs/sls/4811090080.html,Boston,2014-12-18 15:16
human resource,Legal Recruiter - Boston,/gbs/hum/4811090072.html,Boston,2014-12-18 15:16
legal/paralegal,Legal Recruiter - Boston,/gbs/lgl/4811090075.html,Boston,2014-12-18 15:16
admin/office,Administrative Assistant ,/gbs/ofc/4811089523.html,Boston,2014-12-18 15:16
salon/spa/fitness,Aquatics Instructor,/nos/spa/4811087581.html,Salisbury,2014-12-18 15:15
admin/office,Administrative Assistant,/nos/ofc/4811085942.html,Salem,2014-12-18 15:14
education/teaching,Preschool Teacher needed for Bright Horizons at Teele Square,/gbs/edu/4811085832.html,Somerville,2014-12-18 15:14
healthcare,F/T or P/T Ortho Dental Assistant,/bmw/hea/4811083627.html,Framingham,2014-12-18 15:12
manufacturing,CNC Programmer/ Machinist,/nwb/mnu/4811083326.html,Lowell,2014-12-18 15:12
et cetera,Dog Walker needed ASAP,/bmw/etc/4811078803.html,Winchester/Woburn,2014-12-18 15:09
admin/office,Receptionist,/nwb/ofc/4811078471.html,Burlington,2014-12-18 15:09
healthcare,RN Registered nurse in Adult Day Health Care,/gbs/hea/4811075711.html,Watertown,2014-12-18 15:07
admin/office,Executive Assistant to an Entrepreneur!,/gbs/ofc/4811073933.html,Boston,2014-12-18 15:06
sales,Finance/Business Manager,/gbs/sls/4811069412.html,Salem,2014-12-18 15:04
general labor,Kitchen Exhaust Cleaning Technician,/sob/lab/4811067357.html,Halifax MA,2014-12-18 15:02
manufacturing,Shop Helper/Grainer,/nwb/mnu/4811064910.html,chelmsford,2014-12-18 15:01
et cetera,$150 for 2 hour ostomy bag in-home study,/nos/etc/4811063526.html,Woburn MA 30 Miles Out,2014-12-18 15:00
sales,**Full-Time Marketing Representative Opportunity!**,/gbs/sls/4811062862.html,Cambridge MA,2014-12-18 15:00
real estate,**Full-Time Marketing Representative Opportunity!**,/gbs/rej/4811060493.html,Cambridge MA,2014-12-18 14:58
legal/paralegal,Law Clerk,/nos/lgl/4811058223.html,Beverly MA,2014-12-18 14:57
accounting/finance,Payroll Administrator - contract to hire,/gbs/acc/4811054427.html,Boston,2014-12-18 14:54
manufacturing,Payroll Administrator - contract to hire,/gbs/mnu/4811054429.html,Boston,2014-12-18 14:54
education/teaching,1:1 Teacher - Special Education,/sob/edu/4811054063.html,Walpole MA,2014-12-18 14:54
education/teaching,Experienced SAT/ACT Tutors Needed,/nwb/edu/4811052500.html,Reading-Wakefield,2014-12-18 14:53
admin/office,Client Liaison/Hospitality Attendant,/gbs/ofc/4811048760.html,Downtown Boston,2014-12-18 14:51
food/beverage/hospitality,Client Liaison/Hospitality Attendant,/gbs/fbh/4811048764.html,Downtown Boston,2014-12-18 14:51
healthcare,HHA / CNA Needed for Open Home Care Shifts,/nos/hea/4811042470.html,Revere,2014-12-18 14:47
food/beverage/hospitality,"Bertuccis - Hiring Servers, Chefs, Bartenders, Hosts & Dishwashers",/gbs/fbh/4811041594.html,Boston,2014-12-18 14:47
admin/office,Office Administrator 20-25 hours,/gbs/ofc/4811035737.html,Newton,2014-12-18 14:43
transportation,CDL A Drivers - Home Daily!,/gbs/trp/4811035529.html,Billerica MA,2014-12-18 14:43
general labor,Warehouse Workers - Night Shift,/sob/lab/4811033543.html,Mansfield,2014-12-18 14:42
food/beverage/hospitality,FIVE GUYS CREW MEMBERS,/nos/fbh/4811030910.html,BURLINGTON,2014-12-18 14:40
art/media/design,FREELANCE ANIMATOR NEEDED FOR TV SHOW,/gbs/med/4811026905.html,Greater Boston Area,2014-12-18 14:38
tv/film/video/radio,FREELANCE ANIMATOR NEEDED FOR TV SHOW,/gbs/tfr/4811026910.html,Greater Boston Area,2014-12-18 14:38
transportation,Coach/CDL Drivers Needed!!! FT work,/sob/trp/4811026446.html,Various,2014-12-18 14:38
general labor,Make $1600/week GUARANTEED driving with Uber in Boston!,/gbs/lab/4811023933.html,,2014-12-18 14:36
general labor,Make $1600/week GUARANTEED driving with Uber in Boston!,/nwb/lab/4811023899.html,,2014-12-18 14:36
general labor,Make $1600/week GUARANTEED driving with Uber in Boston!,/nos/lab/4811023802.html,,2014-12-18 14:36
general labor,Make $1600/week GUARANTEED driving with Uber in Boston!,/bmw/lab/4811023820.html,,2014-12-18 14:36
general labor,Make $1600/week GUARANTEED driving with Uber in Boston!,/sob/lab/4811023769.html,,2014-12-18 14:36
customer service,Phone Screener for Clinical Research site,/gbs/csr/4811023337.html,Randolph/Canton,2014-12-18 14:36
healthcare,Phone Screener for Clinical Research site,/gbs/hea/4811023341.html,Randolph/Canton,2014-12-18 14:36
food/beverage/hospitality,Work-Life balance at Craigie on Main,/gbs/fbh/4811023103.html,Cambridge MA,2014-12-18 14:36
admin/office,Administrative Assistant/Assistant Property Manager - PT $16 - $19 p/h,/gbs/ofc/4811021392.html,Brookline,2014-12-18 14:35
retail/wholesale,Now hiring Cashiers! - Shaw's Supermarkets ,/gbs/ret/4811020049.html,Newton MA ,2014-12-18 14:34
admin/office,Customer Service working with Drivers,/sob/ofc/4811017953.html,,2014-12-18 14:32
food/beverage/hospitality,***NOW HIRING COOKS*** TGI FRIDAY'S ,/sob/fbh/4811017925.html,BRAINTREE MA,2014-12-18 14:32
sales,Entry Level Software Sales ,/gbs/sls/4811016339.html,Boston Back Bay,2014-12-18 14:31
transportation,Charter CDL Drivers Needed!!! FT. ,/sob/trp/4811013612.html,Various,2014-12-18 14:30
software/qa/dba/etc,Software Development Manager,/gbs/sof/4811010680.html,Waltham,2014-12-18 14:28
business/mgmt,"Research VP, Enterprise Cloud & Platforming Strategies",/bmw/bus/4811008625.html,,2014-12-18 14:27
business/mgmt,"Research VP, Security Strategies",/bmw/bus/4811007810.html,,2014-12-18 14:26
skilled trades/artisan,Industrial Electrician,/nwb/trd/4811006822.html,Lawrence,2014-12-18 14:26
transportation,Night Cab Drivers needed! ,/gbs/trp/4811006165.html,Various,2014-12-18 14:25
sales,****Product Specialist*****(Full Time),/gbs/sls/4811005801.html,Boston,2014-12-18 14:25
business/mgmt,"Research VP, Enterprise Application Development Strategies",/bmw/bus/4811005165.html,,2014-12-18 14:25
admin/office,Administrative Assistant,/nos/ofc/4811004702.html,East Boston,2014-12-18 14:24
transportation,"7D Drivers Wanted! $12.00/hr, take the vehicles home DURING WORK HOURS",/sob/trp/4811001229.html,,2014-12-18 14:22
admin/office,Receptionist (office float position),/nos/ofc/4811000948.html,Boston,2014-12-18 14:22
food/beverage/hospitality,Hot Shot wanted at Craigie on Main ,/gbs/fbh/4810999631.html,Cambridge MA,2014-12-18 14:22
technical support,"Tier 1 Technical Support Specialist - Sonos, Inc",/gbs/tch/4810999569.html,Cambridge MA,2014-12-18 14:21
human resource,SOURCING / LEAD GENERATION INTERN,/gbs/hum/4810997620.html,Boston MA,2014-12-18 14:20
general labor,Professional Movers Wanted,/gbs/lab/4810997515.html,jamaica plain jp,2014-12-18 14:20
food/beverage/hospitality,Friday (12/19) Job Fair - Seabrook NH,/nos/fbh/4810995845.html,North Shore,2014-12-18 14:19
customer service,Supervisor- Boston,/gbs/csr/4810993910.html,Boston MA,2014-12-18 14:18
transportation,Supervisor- Boston,/gbs/trp/4810993915.html,Boston MA,2014-12-18 14:18
food/beverage/hospitality,Met Back Bay Seeking AM Supervisor,/gbs/fbh/4810992946.html,Newbury Street,2014-12-18 14:17
retail/wholesale,Parts Counter Person ,/nwb/ret/4810992067.html,Lawrence MA,2014-12-18 14:17
food/beverage/hospitality,Seeking FOH Manager,/gbs/fbh/4810989222.html,Newbury Street,2014-12-18 14:15
healthcare,BRING YOUR SMILE AND COMPASSION TO AN ELDER IN NEED-- PAID TRAINING,/nos/hea/4810985612.html,Lexington,2014-12-18 14:13
web/html/info design,WordPress Developer,/bmw/web/4810983438.html,Hudson MA,2014-12-18 14:12
food/beverage/hospitality,Sal's Pizza in Newburyport,/nos/fbh/4810982650.html,Newburyport,2014-12-18 14:11
healthcare,Dental Office Front Desk ,/nos/hea/4810981109.html,Salem,2014-12-18 14:10
education/teaching,TUTORS NEEDED Great Hourly Rate Plus Incentives ,/bmw/edu/4810975380.html,Natick region Ashland region Concord region,2014-12-18 14:07
healthcare, Dental Office Reception ,/sob/hea/4810969022.html,Weymouth ,2014-12-18 14:03
nonprofit,"Pine Street Inn, Daytime Outreach Supervisor, 14-190",/gbs/npo/4810966868.html,105 Chauncy St Boston MA,2014-12-18 14:02
healthcare,HHA Sat's 8a-3p & Sun's 8a-8p Home Care For Elegant Senior Woman,/nwb/hea/4810966154.html,Bedford,2014-12-18 14:02
human resource,Senior Human Resource Specialist,/bmw/hum/4810965541.html,Newton,2014-12-18 14:01
nonprofit,"Pine Street Inn, Substance Abuse Clinician, 14-70",/gbs/npo/4810964212.html,170 Morton St Jamaica Plain MA,2014-12-18 14:01
nonprofit,"Pine Street Inn, Licensed Clinician for General Lodging, 14-178",/gbs/npo/4810962807.html,82 Green St Jamaica Plain,2014-12-18 14:00
food/beverage/hospitality,"Pine Street Inn, Supervisor of Catering Affairs, 14-179",/gbs/fbh/4810962191.html,444 Harrison Ave Boston MA,2014-12-18 13:59
food/beverage/hospitality,"Full Time Line Cooks with Brunch Experience,Up to $18 per hour",/gbs/fbh/4810961655.html,Chestnut Hill Newton ,2014-12-18 13:59
food/beverage/hospitality,"Pine Street Inn, Delivery and Inventory Supervisor, 14-146",/gbs/fbh/4810961594.html,444 Harrison Ave Boston,2014-12-18 13:59
admin/office,Administrative Assistant,/bmw/ofc/4810960695.html,Newton MA,2014-12-18 13:58
architect/engineer/cad,Mechanical Engineer,/nwb/egr/4810959013.html,Andover,2014-12-18 13:57
accounting/finance,Accounts Payable Clerk Mother's Hours,/bmw/acc/4810958917.html,Ashland,2014-12-18 13:57
healthcare,Certified Nursing Assistants/Home Health Aides/Patient Care Associates,/gbs/hea/4810957882.html,Boston/Waltham MA,2014-12-18 13:57
general labor,Front End Loader Operator,/nos/lab/4810955235.html,PeabodyDanversBurlington MA ,2014-12-18 13:55
general labor,Laborer/ CDL-Class A/ B Driver,/sob/lab/4810952790.html,South Shore,2014-12-18 13:54
accounting/finance,"Pine Street Inn, Medical Billing Coordinator, 14-147",/gbs/acc/4810949713.html,170 Morton St Jamaica Plain,2014-12-18 13:52
healthcare,dental hygienist,/nos/hea/4810948682.html,Beverly,2014-12-18 13:51
healthcare,Looking for HHA's and CNA's: Home Care For Seniors,/nos/hea/4810948344.html,North Shore,2014-12-18 13:51
general labor,Plow Truck/ Owner Operator ,/nos/lab/4810947457.html,North Reading MA ,2014-12-18 13:51
healthcare,3 Day Live-In: Wed 8a - Sat 8a - Sweet Senior Woman,/bmw/hea/4810939239.html,Burlington,2014-12-18 13:46
et cetera,♥Love Dogs♥? Make $1000+/month as part or full-time,/gbs/etc/4810938941.html,Entire Boston Area. All Neighborhoods.,2014-12-18 13:46
healthcare,HHA's * CNA's Lowell Billerica Newburyport,/nwb/hea/4810938186.html,Merrimack Valley,2014-12-18 13:45
et cetera,♥Love Dogs♥? Make $1000+/month as part or full-time,/nwb/etc/4810937501.html,Entire Boston Area. All Neighborhoods.,2014-12-18 13:45
education/teaching,ABA THERAPIST,/nos/edu/4810935160.html,EVERETT,2014-12-18 13:43
healthcare,IV Pharmacy Technician (Omnicare),/nos/hea/4810932162.html,Peabody MA,2014-12-18 13:42
technical support,IT Field Tech (Full-Time) (Boston),/gbs/tch/4810931106.html,downtown,2014-12-18 13:41
et cetera,Burdened by frequent migraine?,/gbs/etc/4810930922.html,Watertown,2014-12-18 13:41
manufacturing,Warehouse Receiver,/sob/mnu/4810930746.html,East Bridgewater ,2014-12-18 13:41
sales,New 600 Unit Apartment Community,/nwb/sls/4810929922.html,Nashua,2014-12-18 13:40
accounting/finance,Director of Finance & Corporate Controller,/gbs/acc/4810928302.html,Boston,2014-12-18 13:40
general labor,Full-time and part-time professional cleaners wanted - up to $22/hr!,/gbs/lab/4810928020.html,,2014-12-18 13:39
technical support,IT Technician,/sob/tch/4810927537.html,Raynham MA,2014-12-18 13:39
education/teaching,ABA THERAPIST,/sob/edu/4810926131.html,QUINCY,2014-12-18 13:38
transportation,"DRIVERS - GROW ASSOCIATES, INC",/sob/trp/4810926015.html,RANDOLPH,2014-12-18 13:38
marketing/advertising/pr,Marketing Internships/Entry Level Position,/gbs/mar/4810925834.html,Boston Area,2014-12-18 13:38
software/qa/dba/etc,Software Development Internship/Entry Level Position,/gbs/sof/4810924947.html,Greater Boston Area,2014-12-18 13:38
education/teaching,ABA THERAPIST,/bmw/edu/4810916840.html,DOVER,2014-12-18 13:33
education/teaching,Assistant teacher & certified teacher needed,/sob/edu/4810916535.html,Canton,2014-12-18 13:33
food/beverage/hospitality,Hotel Night Auditor (Foxboro/Attleboro Area),/bmw/fbh/4810915592.html,Plainville MA,2014-12-18 13:32
education/teaching,ABA THERAPIST,/nos/edu/4810912832.html,MAYNARD,2014-12-18 13:31
architect/engineer/cad,Survey Technician,/bmw/egr/4810910075.html,Worcester,2014-12-18 13:29
education/teaching,ABA THERAPIST,/bmw/edu/4810906869.html,MARLBOROUGH,2014-12-18 13:27
education/teaching,Summer Pool Director - High Salary,/sob/edu/4810903561.html,,2014-12-18 13:25
food/beverage/hospitality,Summer Pool Director - High Salary,/sob/fbh/4810903566.html,,2014-12-18 13:25
salon/spa/fitness,Summer Pool Director - High Salary,/sob/spa/4810903570.html,,2014-12-18 13:25
education/teaching,ABA THERAPIST,/bmw/edu/4810900026.html,FRAMINGHAM & SHREWSBURY,2014-12-18 13:23
architect/engineer/cad,Civil Engineer,/nwb/egr/4810899313.html,Andover,2014-12-18 13:23
food/beverage/hospitality,Delivery Driver Wanted,/nos/fbh/4810898560.html,Stoneham,2014-12-18 13:22
education/teaching,Teacher,/gbs/edu/4810897284.html,Burlington,2014-12-18 13:22
admin/office,Data Entry Specialist (Part Time),/nos/ofc/4810894770.html,Danvers,2014-12-18 13:20
food/beverage/hospitality,"Make $1,000+/week as a bike or car courier with Postmates",/gbs/fbh/4810894406.html,,2014-12-18 13:20
marketing/advertising/pr,Marketing Analyst (PT) ,/nos/mar/4810892270.html,Wakefield MA,2014-12-18 13:19
education/teaching,ABA THERAPIST,/bmw/edu/4810891382.html,Boston,2014-12-18 13:18
business/mgmt,Sales Management Opportunity,/nos/bus/4810890563.html,Wakefield MA,2014-12-18 13:18
food/beverage/hospitality,Join the team,/nos/fbh/4810890458.html,Newburyport,2014-12-18 13:18
technical support,PC/MAC Desktop Support Specialist -- Full Time (Boston),/gbs/tch/4810886903.html,,2014-12-18 13:16
healthcare,Full Time Veterinary Technician,/nos/hea/4810886145.html,Salem MA,2014-12-18 13:15
food/beverage/hospitality,"Full Time Grill Cook - No Nights, Weekends or Holidays- Full Benefits!",/gbs/fbh/4810885939.html,Chelmsford Area,2014-12-18 13:15
education/teaching,ABA THERAPIST,/nos/edu/4810885843.html,BURLINGTON & READING,2014-12-18 13:15
customer service,Call Center Representative,/sob/csr/4810885783.html,Norwood MA,2014-12-18 13:15
customer service,Evening Customer Service Representative PT ,/nos/csr/4810884975.html,Wakefield MA,2014-12-18 13:14
accounting/finance,Sr. Auditor -- Financial Consulting Firm (Boston),/gbs/acc/4810884789.html,,2014-12-18 13:14
food/beverage/hospitality,Maintenance Mgr. - Sonesta ES Suites Hotel,/nwb/fbh/4810883784.html,Burlington,2014-12-18 13:14
customer service,Customer Service Representative ,/nos/csr/4810883338.html,Wakefield MA,2014-12-18 13:13
accounting/finance,"Jr. Staff Accountant, $55K - Full-Time",/gbs/acc/4810882651.html,Boston,2014-12-18 13:13
education/teaching,ABA THERAPIST,/nos/edu/4810880134.html,Swampscott,2014-12-18 13:12
general labor,Make $25+/hour as a bike or car courier with Postmates,/gbs/lab/4810879357.html,,2014-12-18 13:11
general labor,Office Cleaning,/bmw/lab/4810878595.html,Milford,2014-12-18 13:11
tv/film/video/radio,SEEKING ENTREPRENEURS W/ THE NEXT GREAT IDEAS FOR NEW CNBC SHOW ,/gbs/tfr/4810878608.html,Boston,2014-12-18 13:11
sales,FREIGHT SALES REPRESENTATIVE,/nos/sls/4810877749.html,WOBURN,2014-12-18 13:10
customer service,FAVOR is Hiring! - Avg $15/hr,/gbs/csr/4810874230.html,,2014-12-18 13:08
transportation,Have a Car? Make $25+/Hour Driving with Postmates,/gbs/trp/4810872887.html,,2014-12-18 13:07
general labor,♥Love Dogs♥? Make $1000+/month as part or full-time,/gbs/lab/4810871644.html,Entire Boston Area. All Neighborhoods. ,2014-12-18 13:07
food/beverage/hospitality,Utility-Food Prep- Mon-Fri 6am-2:30pm & Benefits!,/gbs/fbh/4810869539.html,Bedford,2014-12-18 13:05
retail/wholesale,Now Hiring Retail Sales Representative!!,/gbs/ret/4810869487.html,Boston,2014-12-18 13:05
customer service,♥Love Dogs♥? Make $1000+/month as part or full-time,/gbs/csr/4810869024.html,,2014-12-18 13:05
food/beverage/hospitality,Deli Attendant- Monday-Friday 6:30-2:00- Full Benefits!,/gbs/fbh/4810867564.html,Waltham,2014-12-18 13:04
general labor,Full time maintenance service tech for apartment complex.,/sob/lab/4810865907.html,Stoughton,2014-12-18 13:03
transportation,Make $200+/day as a bike or car courier with Postmates,/gbs/trp/4810865628.html,,2014-12-18 13:03
transportation,Truck Drivers- OTR Run $0.41/mi!,/gbs/trp/4810856985.html,boston,2014-12-18 12:58
admin/office,Office Services Assistant (part-time position),/bmw/ofc/4810854124.html,Waltham,2014-12-18 12:56
food/beverage/hospitality,"NEW RESTAURANT OPENING, NAPLES RISTORANTE E PIZZERIA, SEEKS CHEF",/gbs/fbh/4810851797.html,BETHESDA MD,2014-12-18 12:55
transportation,Truck Drivers - Recent CDL Graduates,/gbs/trp/4810850353.html,boston,2014-12-18 12:54
et cetera,"☛ GOT SPERM? -- Earn up to $1,500/Month ☆★",/gbs/etc/4810849465.html,Cambridge,2014-12-18 12:54
education/teaching,Teacher,/gbs/edu/4810846725.html,peabody,2014-12-18 12:52
food/beverage/hospitality,New Bar/Lounge Hiring ALL POSITIONS,/nos/fbh/4810845507.html,Beverly,2014-12-18 12:51
healthcare,HHA's & HMK (Homemakers) ,/sob/hea/4810837600.html,Hanover,2014-12-18 12:47
healthcare,Home Care RN position - Per Diem,/nos/hea/4810836221.html,Lynn,2014-12-18 12:46
transportation,Experienced Truck Drivers,/gbs/trp/4810835018.html,boston,2014-12-18 12:45
admin/office,part or full time office help needed,/bmw/ofc/4810834815.html,,2014-12-18 12:45
customer service,part or full time office help needed,/bmw/csr/4810834819.html,,2014-12-18 12:45
education/teaching,Instructors Full Time-Part Time,/gbs/edu/4810834133.html,Waltham,2014-12-18 12:45
healthcare,Home Care LPN Position - Per Diem,/gbs/hea/4810833313.html,,2014-12-18 12:44
salon/spa/fitness,Busy salon seeking a part time/full time assistant/receptionist,/bmw/spa/4810832805.html,Lexington MA,2014-12-18 12:44
healthcare,Warehouse/Driver Technician,/bmw/hea/4810832275.html,Norwood,2014-12-18 12:44
nonprofit,SOCIAL WORKER-CASE MANAGER,/gbs/npo/4810830117.html,Roxbury,2014-12-18 12:42
education/teaching,Assistant Coordinator,/nos/edu/4810829567.html,Newburyport,2014-12-18 12:42
general labor,Maintenance Professional needed for High-End Apartments,/gbs/lab/4810828702.html,Boston,2014-12-18 12:42
healthcare,Home Health Aides HHA & Homemakers,/gbs/hea/4810827373.html,Brockton / Surrounding Areas,2014-12-18 12:41
healthcare,Home Health Aide position,/gbs/hea/4810826284.html,Watertown Waltham,2014-12-18 12:40
general labor,Construction Knowledge meets Office Opportunity ,/gbs/lab/4810819595.html,Needham,2014-12-18 12:36
skilled trades/artisan,Construction Knowledge meets Office Opportunity ,/gbs/trd/4810819599.html,Needham,2014-12-18 12:36
marketing/advertising/pr,Use your experience to start a career with Public Outreach,/gbs/mar/4810818945.html,Boston,2014-12-18 12:36
nonprofit,Use your experience to start a career with Public Outreach,/gbs/npo/4810818948.html,Boston,2014-12-18 12:36
retail/wholesale,Use your experience to start a career with Public Outreach,/gbs/ret/4810818950.html,Boston,2014-12-18 12:36
admin/office,Leasing Professional needed at luxury apartment community ,/bmw/ofc/4810818402.html,marlborough,2014-12-18 12:36
customer service,Leasing Professional needed at luxury apartment community ,/bmw/csr/4810818404.html,marlborough,2014-12-18 12:36
real estate,Leasing Professional needed at luxury apartment community ,/bmw/rej/4810818408.html,marlborough,2014-12-18 12:36
sales,Leasing Professional needed at luxury apartment community ,/bmw/sls/4810818414.html,marlborough,2014-12-18 12:36
skilled trades/artisan,Maintenance Supervisor needed at luxury apartment community ,/bmw/trd/4810814958.html,Marlborough ,2014-12-18 12:34
general labor,Maintenance Supervisor needed at luxury apartment community ,/bmw/lab/4810814955.html,Marlborough ,2014-12-18 12:34
admin/office,C LEVEL EXECUTIVE ADMIN WITH GLOBAL EXPOSURE,/bmw/ofc/4810814412.html,LEXINGTON,2014-12-18 12:33
food/beverage/hospitality,Crew Members (overnight shift) - Dunkin Donuts,/sob/fbh/4810812630.html,Plymouth,2014-12-18 12:32
transportation,Service Agent/car prep - Newton,/bmw/trp/4810808595.html,Newton MA,2014-12-18 12:30
general labor,ASSISTANT YARD SUPERVISOR,/nos/lab/4810808360.html,27 Farm Ave,2014-12-18 12:30
skilled trades/artisan,Independent Home Improvement Contractors Needed,/nos/trd/4810807247.html,Boston MA- Rhode Island - North of Boston MA,2014-12-18 12:29
education/teaching,Private Teachers and Tutors Needed in Boston,/nwb/edu/4810797977.html,,2014-12-18 12:24
skilled trades/artisan,EXPERIENCED Auto Body Tech Autobody,/nwb/trd/4810797621.html,Chelmsford,2014-12-18 12:24
admin/office,Fun and Exciting Office Seeking Administrator / Bookkeeper,/gbs/ofc/4810796817.html,Brighton,2014-12-18 12:23
art/media/design,Project Manager - Digital Media/ Ed-Tech,/gbs/med/4810794627.html,Boston,2014-12-18 12:22
software/qa/dba/etc,Mobile Developers - iOS or Android - Rock Stars needed!,/gbs/sof/4810790505.html,Brookline/Brighton/Newton,2014-12-18 12:20
general labor,Environmental Services Director - Full Time,/nwb/lab/4810781546.html,,2014-12-18 12:14
transportation,Make $1600/week GUARANTEED driving with Uber in Boston!,/gbs/trp/4810780688.html,,2014-12-18 12:14
general labor,Environmental Services Director - Full Time,/nwb/lab/4810781546.html,,2014-12-18 12:14
transportation,Make $1600/week GUARANTEED driving with Uber in Boston!,/gbs/trp/4810780688.html,,2014-12-18 12:14
transportation,Make $1600/week GUARANTEED driving with Uber in Boston!,/nwb/trp/4810780643.html,,2014-12-18 12:14
transportation,Make $1600/week GUARANTEED driving with Uber in Boston!,/bmw/trp/4810780602.html,,2014-12-18 12:14
transportation,Make $1600/week GUARANTEED driving with Uber in Boston!,/nos/trp/4810780513.html,,2014-12-18 12:14
transportation,Make $1600/week GUARANTEED driving with Uber in Boston!,/sob/trp/4810780459.html,,2014-12-18 12:14
healthcare,Environmental Services Director - Full Time,/nwb/hea/4810780239.html,,2014-12-18 12:13
manufacturing,Shipping/Receiving -Fulltime,/nwb/mnu/4810780017.html,Billerica MA,2014-12-18 12:13
transportation,"Service Agent- Franklin, MA",/bmw/trp/4810776043.html,Franklin MA,2014-12-18 12:11
art/media/design,Computer Graphics,/gbs/med/4810775955.html,South Boston,2014-12-18 12:11
admin/office,Admin Needed to Support Busy HR Team!,/gbs/ofc/4810775225.html,Boston MA,2014-12-18 12:11
skilled trades/artisan,Licensed Electrician & Apprentice Electrician/Helper,/bmw/trd/4810770699.html,Weston,2014-12-18 12:08
education/teaching,Infant / Toddler Program Coordinator / Supervisor,/gbs/edu/4810770558.html,Boston,2014-12-18 12:08
customer service,QA Operations Specialist (Call Center),/nos/csr/4810769892.html,Waltham,2014-12-18 12:07
general labor,Framer - Construction,/nwb/lab/4810766887.html,,2014-12-18 12:06
healthcare,Personal Care Attendant Needed!,/nos/hea/4810761452.html,Lynn area,2014-12-18 12:02
architect/engineer/cad,Structural Engineering position with US Army Corps of Engineers,/gbs/egr/4810760191.html,Concord MA,2014-12-18 12:02
healthcare,HIRING CAREGIVERS,/nwb/hea/4810753669.html,,2014-12-18 11:58
general labor,"Full-Time Embroiderer Position Available (Chelmsford, MA)",/nwb/lab/4810753193.html,Chelmsford,2014-12-18 11:57
sales,Independent Distributor- Travel Incentives,/bmw/sls/4810752316.html,,2014-12-18 11:57
sales,Like Handicapping Sports? Enjoy selling? Look no further. SALES SALES ,/nwb/sls/4810750934.html,Tewksbury,2014-12-18 11:56
food/beverage/hospitality,Manager,/sob/fbh/4810750680.html,Amelia's in Stoughton,2014-12-18 11:56
retail/wholesale,~WANT TO WORK WITH DOGS???~,/sob/ret/4810750606.html,CANTON,2014-12-18 11:56
skilled trades/artisan,*** Carpenters/ Framer Needed***,/sob/trd/4810748746.html,,2014-12-18 11:55
admin/office,Administrative Assistant ,/gbs/ofc/4810746379.html,Stoneham,2014-12-18 11:53
customer service, Customer Service Associate Position (Full-Time) ,/nwb/csr/4810743681.html,Chelmsford,2014-12-18 11:52
admin/office,Receptionist,/gbs/ofc/4810743418.html,Stoneham,2014-12-18 11:52
education/teaching,Early Childhood Teachers,/nwb/edu/4810743087.html,Chelmsford MA,2014-12-18 11:51
architect/engineer/cad,Jr. Mechanical Engineer,/gbs/egr/4810742152.html,Boston,2014-12-18 11:51
systems/networking,Senior Network Engineer,/nos/sad/4810739315.html,Waltham,2014-12-18 11:49
software/qa/dba/etc,"Senior Software Engineer (Java, SQL)",/gbs/sof/4810739121.html,,2014-12-18 11:49
healthcare,CNA/ nurse aide/ nursing assistant,/gbs/hea/4810737592.html,Cambridge,2014-12-18 11:48
accounting/finance,Billing Analyst- Temporary- $14/hr,/gbs/acc/4810736237.html,Boston,2014-12-18 11:47
business/mgmt,"Project Manager for Water, Fire Mitigation & Mold Remediation Company ",/gbs/bus/4810736071.html,Boston ,2014-12-18 11:47
marketing/advertising/pr,PRODUCT ANALYST,/nos/mar/4810733637.html,Waltham MA,2014-12-18 11:46
marketing/advertising/pr,MARKETING MANAGER,/bmw/mar/4810732709.html,Hudson MA,2014-12-18 11:45
software/qa/dba/etc,Software Engineer - Full Stack,/gbs/sof/4810730697.html,Boston / Remote,2014-12-18 11:44
general labor,~WANT TO WORK WITH DOGS?~,/sob/lab/4810728980.html,CANTON,2014-12-18 11:43
education/teaching,$100/hr Part-Time LSAT Instructor,/gbs/edu/4810727908.html,Boston,2014-12-18 11:42
et cetera,Medical Records Specialist,/nwb/etc/4810726811.html,Waltham,2014-12-18 11:42
customer service,Medical Records Specialist,/nwb/csr/4810725101.html,Waltham,2014-12-18 11:41
architect/engineer/cad,Embedded Firmware Engineer - Product Design,/bmw/egr/4810724355.html,Holliston,2014-12-18 11:40
real estate,Come Join Our Team! No Experience Necessary- Make Up To 10k/Month,/gbs/rej/4810723618.html,Allston/Brighton,2014-12-18 11:40
admin/office,Medical Records Specialist,/nwb/ofc/4810722203.html,Waltham,2014-12-18 11:39
education/teaching,$100/hr Part-Time GRE Instructor,/gbs/edu/4810721197.html,Boston,2014-12-18 11:38
sales,Used Car Super Store Seeks the BEST of the Best ,/nos/sls/4810720067.html,Lowell/Lawrence/Methuen ,2014-12-18 11:38
admin/office,Operations Assistant - Full Time,/bmw/ofc/4810718338.html,Bedford,2014-12-18 11:37
transportation,class B OTR driver ,/nwb/trp/4810717073.html,ayer MA,2014-12-18 11:36
systems/networking,Senior Systems Administrator/SQL DBA,/nos/sad/4810716233.html,Waltham MA,2014-12-18 11:35
food/beverage/hospitality,"Openings Available for BOH & FOH Staff, and Managers",/gbs/fbh/4810711231.html,,2014-12-18 11:32
architect/engineer/cad,Design and Prototyping Manager,/gbs/egr/4810708871.html,Cambridge/Allston,2014-12-18 11:31
art/media/design,Design and Prototyping Manager,/gbs/med/4810708874.html,Cambridge/Allston,2014-12-18 11:31
architect/engineer/cad,Landscape Architect,/nwb/egr/4810708716.html,Andover,2014-12-18 11:31
skilled trades/artisan,Class A Driver Wanted,/bmw/trd/4810708162.html,Needham,2014-12-18 11:31
healthcare,Bilingual Home Based Family Clinician ,/gbs/hea/4810702633.html,Needham MA,2014-12-18 11:27
healthcare,Speech Language Pathologist ,/gbs/hea/4810700028.html,Somerville MA,2014-12-18 11:26
architect/engineer/cad,Entry Level Electronics Specialist - Industrial Instrumentation,/bmw/egr/4810699535.html,Holliston,2014-12-18 11:25
admin/office,PART TIME DENTAL ADMIN ,/gbs/ofc/4810698777.html,BACK BAY,2014-12-18 11:25
healthcare,PART TIME DENTAL ADMIN ,/gbs/hea/4810698781.html,BACK BAY,2014-12-18 11:25
skilled trades/artisan,Experienced Euro Auto Tech,/bmw/trd/4810698406.html,Medway,2014-12-18 11:25
customer service,Floyds 99 Barbershop is Hiring Front Desk Positions!!!,/nwb/csr/4810697819.html,Woburn,2014-12-18 11:24
healthcare,Pediatric Physical Therapist,/gbs/hea/4810696484.html,Needham MA,2014-12-18 11:24
food/beverage/hospitality,"Flour Bakery + Cafe, Front of House Staff",/gbs/fbh/4810695224.html,Boston/Cambridge,2014-12-18 11:23
salon/spa/fitness,Floyd's 99 Barbershop is Hiring!!!,/nwb/spa/4810694459.html,Woburn,2014-12-18 11:22
healthcare,Family Partner ,/gbs/hea/4810694241.html,Needham MA,2014-12-18 11:22
customer service,Floyds 99 Barbershop is Hiring Front Desk Positions!!!,/gbs/csr/4810693391.html,Cambridge,2014-12-18 11:22
salon/spa/fitness,Floyd's 99 Barbershop is Hiring!!!,/gbs/spa/4810692373.html,Cambridge,2014-12-18 11:21
skilled trades/artisan,Part Time Laborer,/gbs/trd/4810691848.html,Boston,2014-12-18 11:21
food/beverage/hospitality,"Flour Bakery + Cafe, Weekend Delivery Driver",/gbs/fbh/4810691565.html,Boston/Cambridge,2014-12-18 11:21
salon/spa/fitness,Floyd's 99 Barbershop is Hiring!!!,/gbs/spa/4810691317.html,Boston,2014-12-18 11:20
healthcare,"Bilingual Social Worker, Early Intervention Partnerships Program",/gbs/hea/4810688283.html,Somerville MA,2014-12-18 11:19
marketing/advertising/pr,Cambridge Non-profit seeks Marketing/Communications Assistant,/gbs/mar/4810686269.html,Cambridge MA,2014-12-18 11:17
marketing/advertising/pr,SOCIAL MEDIA PROS NEEDED- FT/PT,/gbs/mar/4810685941.html,USA,2014-12-18 11:17
salon/spa/fitness,NAIL TECH ( RENT A CHAIR),/gbs/spa/4810685609.html,Boston  financial district,2014-12-18 11:17
admin/office,Assistant Automotive Office Manager,/nos/ofc/4810681735.html,Salisbury MA,2014-12-18 11:15
education/teaching,Bilingual Spanish/English Early Childhood Developmental Specialist ,/gbs/edu/4810681600.html,Somerville MA,2014-12-18 11:15
manufacturing,Health & Life Science Firm Seeks Supply Chain Manager,/sob/mnu/4810676951.html,South Shore ,2014-12-18 11:12
tv/film/video/radio,Staff Producer (Part time),/sob/tfr/4810675593.html,Hingham MA,2014-12-18 11:11
general labor,INSTALLER OF PICK UP TRUCK AND SUV ACCESSORIES,/sob/lab/4810674522.html,BROCKTON MA,2014-12-18 11:10
architect/engineer/cad,Architect/Engineer Office Director,/nwb/egr/4810672641.html,Andover,2014-12-18 11:09
transportation,Drivers Wanted Mon-Fri 4pm-2am Shift for Uber Livery Co,/gbs/trp/4810671723.html,Boston / Cambridge,2014-12-18 11:08
skilled trades/artisan,Glass installer/Glazier,/sob/trd/4810671541.html,Plymouth,2014-12-18 11:08
healthcare,School Based Clinician - Part time,/bmw/hea/4810670648.html,Upton MA,2014-12-18 11:08
transportation,"Zero-Down Walk Away Lease, No Balloon Payment - Earn $1,350/week!",/gbs/trp/4810669562.html,boston,2014-12-18 11:07
healthcare,Personal Care Attendant (PCA),/nos/hea/4810669077.html,Malden,2014-12-18 11:07
skilled trades/artisan,Construction company seeks finished carpenter,/sob/trd/4810663506.html,kingston,2014-12-18 11:03
customer service,Operations/Administrative/Customer Service Associate ,/bmw/csr/4810662208.html,Waltham MA ,2014-12-18 11:02
customer service,Marketing Coordinators&Sales Agents-up to $20/hr NO EXP REQ'd,/bmw/csr/4810662050.html,309 Moody Street,2014-12-18 11:02
sales,Marketing Coordinators&Sales Agents-up to $20/hr NO EXP REQ'd,/bmw/sls/4810662051.html,309 Moody Street,2014-12-18 11:02
admin/office,Case Manager Assistant,/nos/ofc/4810659190.html,Danvers MA ,2014-12-18 11:01
marketing/advertising/pr,Entry Level Marketing / Management - Sense of Humor Required!!,/gbs/mar/4810659031.html,Quincy,2014-12-18 11:00
manufacturing,CNC Lathe Programmer,/nos/mnu/4810658965.html,Woburn,2014-12-18 11:00
healthcare,"Social Worker, Sub Acute",/nos/hea/4810658500.html,Newburyport,2014-12-18 11:00
healthcare,Pediatric Dental Assistant,/nos/hea/4810657741.html,Newburyport,2014-12-18 11:00
general labor,INSTALLATION TECHNICIAN,/nwb/lab/4810655547.html,TEWKSBURY,2014-12-18 10:58
general labor,Skilled Laborers Needed - Roof Work,/gbs/lab/4810654812.html,Natick,2014-12-18 10:58
accounting/finance,Experienced Tax Preparer,/nos/acc/4810654154.html,Danvers,2014-12-18 10:57
transportation,Recent Grads: Start earning some of the highest pay in the industry!,/gbs/trp/4810653866.html,boston,2014-12-18 10:57
accounting/finance,Real Estate Paralegal,/gbs/acc/4810653481.html,Cambridge,2014-12-18 10:57
transportation,CDL-A WITH HAZMAT,/nos/trp/4810652155.html,BURLINGTON MA,2014-12-18 10:56
sales,Inside/Outside Sales Postions,/bmw/sls/4810650905.html,Woburn,2014-12-18 10:55
customer service,Inside Sales Representative ,/gbs/csr/4810650226.html,Boston,2014-12-18 10:55
sales,Inside Sales Representative ,/gbs/sls/4810650228.html,Boston,2014-12-18 10:55
sales,Director of Business Development,/nos/sls/4810645390.html,Lawrence,2014-12-18 10:52
skilled trades/artisan,AUTO BODY TECHNICIAN,/nos/trd/4810644360.html,PEABODY ,2014-12-18 10:51
architect/engineer/cad,Architect,/nwb/egr/4810643277.html,Andover MA,2014-12-18 10:50
healthcare,Physical/Occupational Therapist and PTA's for Home Care Wanted,/gbs/hea/4810640733.html,Boston/Lawrence/suburbs,2014-12-18 10:49
transportation,Earn up to 75 CPM - CDL Team Truck Driving Job,/gbs/trp/4810640602.html,boston,2014-12-18 10:49
general labor,Snow Plow Owner/ Operator Needed,/bmw/lab/4810635036.html,West Roxbury / Hyde Park / Stoughton,2014-12-18 10:45
accounting/finance,"PT Finance Administrator at Grace Community Church, Chelmsford",/nwb/acc/4810632137.html,Chelmsford MA,2014-12-18 10:43
nonprofit,"PT Finance Administrator at Grace Community Church, Chelmsford",/nwb/npo/4810632142.html,Chelmsford MA,2014-12-18 10:43
sales,"DO YOU MEET PROFESSIONALLY WITH DOCTORS, HOSPITALS & CLINICS?",/gbs/sls/4810631739.html,,2014-12-18 10:43
transportation,CDL Grads/Student Truck Drivers - NEW PAY INCREASE,/gbs/trp/4810629074.html,boston,2014-12-18 10:41
sales,Entry Level Sales Position -- Paid Daily -- Tablet Provided,/gbs/sls/4810628771.html,Boston,2014-12-18 10:41
transportation,Highest-Earning CDL Truck Driver Job + HOME WEEKENDS,/gbs/trp/4810627171.html,boston,2014-12-18 10:40
healthcare,General Dentist Needed. ,/gbs/hea/4810624384.html,Malden Ma,2014-12-18 10:38
salon/spa/fitness,!!! HIRING LICENSED NAIL TECHS !!!,/sob/spa/4810623879.html,,2014-12-18 10:38
sales,MAKE UP TO $5000 PER SALE!,/gbs/sls/4810621947.html,,2014-12-18 10:36
salon/spa/fitness,!!! HIRING LICENSED NAIL TECHS !!!,/gbs/spa/4810620353.html,,2014-12-18 10:35
sales,In home Sales Advisors needed! Pre-set leads!,/bmw/sls/4810619943.html,,2014-12-18 10:35
marketing/advertising/pr,We need people with a passion for the planet - Next Step Living!,/bmw/mar/4810619591.html,Boston Newton,2014-12-18 10:35
nonprofit,We need people with a passion for the planet - Next Step Living!,/bmw/npo/4810619358.html,Boston Newton,2014-12-18 10:35
sales,We need people with a passion for the planet - Next Step Living!,/bmw/sls/4810619115.html,Boston Newton,2014-12-18 10:34
marketing/advertising/pr,Canvass for green energy! Earn $15-$20/hour.,/gbs/mar/4810618888.html,Boston Brookline Newton,2014-12-18 10:34
nonprofit,Canvass for green energy! Earn $15-$20/hour.,/gbs/npo/4810618642.html,Boston Brookline Newton,2014-12-18 10:34
sales,Canvass for green energy! Earn $15-$20/hour.,/gbs/sls/4810618384.html,Boston Brookline Newton,2014-12-18 10:34
salon/spa/fitness,!!! HIRING LICENSED NAIL TECHS !!!,/nwb/spa/4810618268.html,,2014-12-18 10:34
transportation,Looking for Corporate Shuttle Drivers!,/sob/trp/4810615935.html,Braintree/ Newton MA,2014-12-18 10:32
salon/spa/fitness,!!! HIRING LICENSED NAIL TECHS !!!,/bmw/spa/4810615905.html,,2014-12-18 10:32
skilled trades/artisan,Carpenter,/nwb/trd/4810614575.html,Tewksbury,2014-12-18 10:31
general labor,Shop Expeditor,/bmw/lab/4810614393.html,Ashland MA,2014-12-18 10:31
salon/spa/fitness,!!! HIRING LICENSED NAIL TECHS !!!,/nos/spa/4810614231.html,,2014-12-18 10:31
architect/engineer/cad,CAD Coordinator,/sob/egr/4810612829.html,Weymouth,2014-12-18 10:30
general labor,Full time opportunity with benefits!,/nos/lab/4810611725.html,Woburn,2014-12-18 10:29
transportation,Full time opportunity with benefits!,/nos/trp/4810611730.html,Woburn,2014-12-18 10:29
admin/office,Receptionist/Administrative Assistant,/nwb/ofc/4810610085.html,Lowell,2014-12-18 10:28
sales,B2B Sales Representative (2-5 Years Experience),/gbs/sls/4810610068.html,Downtown Crossing,2014-12-18 10:28
sales,Sales & Service Support Representative,/gbs/sls/4810605411.html,Dedham,2014-12-18 10:25
general labor,Automotive Leather/Sunroof Apprentice,/sob/lab/4810604330.html,Norwood MA,2014-12-18 10:24
healthcare,Unit Manager - Subacute - F/T - Oak Knoll Healthcare Center,/bmw/hea/4810602509.html,Framingham MA,2014-12-18 10:23
transportation,Class A Delivery Drivers,/sob/trp/4810602086.html,Canton MA,2014-12-18 10:22
transportation,Diesel Technician,/sob/trp/4810601714.html,Braintree MA,2014-12-18 10:22
food/beverage/hospitality,MOTHERS HOURS,/bmw/fbh/4810600837.html,NATICK,2014-12-18 10:21
skilled trades/artisan,Resinous Flooring Installer,/sob/trd/4810599784.html,Walpole,2014-12-18 10:21
transportation,Driver Helpers,/sob/trp/4810597708.html,Canton MA,2014-12-18 10:19
admin/office,Marketing Firm Seeks EA,/gbs/ofc/4810595380.html,Boston MA,2014-12-18 10:18
healthcare,"CNA's Needed in No Andover, Ma ASAP!",/nwb/hea/4810593423.html,No Andover,2014-12-18 10:16
transportation,Drivers -L,/nwb/trp/4810591184.html,Lawrence,2014-12-18 10:15
healthcare,CNA's Needed in North Shore ASAP!!!,/nwb/hea/4810590945.html,Amesbury,2014-12-18 10:14
legal/paralegal,Legal Assistant,/bmw/lgl/4810589591.html,Wellesley,2014-12-18 10:13
healthcare,CNA'S needed in Framingham and Natick ASAP!!! ,/bmw/hea/4810589244.html,Framingham/Natick,2014-12-18 10:13
admin/office,Office assistant for a medium size company ,/gbs/ofc/4810587956.html,Cambridge,2014-12-18 10:12
food/beverage/hospitality,NIGHT AUDITOR,/gbs/fbh/4810585967.html,,2014-12-18 10:11
transportation,CDL-A SHUTTLE WORK,/sob/trp/4810584749.html,CANTON MA,2014-12-18 10:10
admin/office,Executive Assistant,/gbs/ofc/4810579074.html,Quincy MA,2014-12-18 10:06
food/beverage/hospitality, Craigie on Main seeks manager,/gbs/fbh/4810573294.html,Central Square - Cambridge,2014-12-18 10:01
sales,Verizon FiOS Sales Rep,/gbs/sls/4810569446.html,Solomon Pond/Marlborough,2014-12-18 09:58
security,Parking Lot Attendant/Security,/gbs/sec/4810569043.html,Boston MA,2014-12-18 09:58
real estate,Looking for New Real Estate Agents,/gbs/rej/4810568581.html,Boston,2014-12-18 09:58
nonprofit,★BUILD YOUR RESUME★ CAMPAIGN JOBS FOR THE ENVIRONMENT - $1900-$2800!,/gbs/npo/4810566749.html,,2014-12-18 09:56
sales,Verizon FiOS Retail Sales Rep,/gbs/sls/4810565846.html,Framingham,2014-12-18 09:56
web/html/info design,Senior User Experience Designer,/sob/web/4810565584.html,Plymouth MA,2014-12-18 09:55
marketing/advertising/pr,Marketing Internship,/gbs/mar/4810565450.html,Boston,2014-12-18 09:55
skilled trades/artisan,Riding Instructor,/sob/trd/4810562134.html,Canton,2014-12-18 09:53
marketing/advertising/pr,~ * ~ COMPANY PERKS? FLAT SCREEN TV'S - XBOX - BEATS - COACH - APPLY!,/nos/mar/4810560389.html,Boston Globe Ranked Best Employer!,2014-12-18 09:51
sales,--- NEED A NEW CAREER? SMALL COMPANY - BIG GOALS - APPLY NOW! ***,/nos/sls/4810558904.html,Boston Globe & BBJ Ranked!!,2014-12-18 09:50
general labor,Class A CDL Driver,/bmw/lab/4810556710.html,Norfolk MA,2014-12-18 09:48
accounting/finance,Marketing Analyst - Consultant Databases,/gbs/acc/4810556165.html,,2014-12-18 09:48
accounting/finance,Client Service Associate,/gbs/acc/4810554662.html,,2014-12-18 09:47
customer service,"Client Services Rep- Dedham, MA",/sob/csr/4810554557.html,Dedham MA,2014-12-18 09:47
healthcare,"Homemakers, Personal Care Aides, and Drivers For the Elderly ",/gbs/hea/4810554001.html,WakefieldStonehamCambridgeMelroseand others,2014-12-18 09:46
general labor,Part Time - Bus Cleaner/Fueler,/sob/lab/4810551220.html,Newton MA,2014-12-18 09:44
food/beverage/hospitality,"Buffalo Wild Wings- Cooks, Servers, Bar & More - Job Fair 12/20",/nos/fbh/4810548948.html,100 Independence Way in Danvers,2014-12-18 09:42
admin/office,"Creative, Fun - Recruiter!",/gbs/ofc/4810548388.html,Boston,2014-12-18 09:42
human resource,"Creative, Fun - Recruiter!",/gbs/hum/4810548389.html,Boston,2014-12-18 09:42
sales,"Creative, Fun - Recruiter!",/gbs/sls/4810548390.html,Boston,2014-12-18 09:42
transportation,OTR AND REGIONAL FLATBED DRIVING JOBS W/ $1000 SIGN ON BONUS!,/gbs/trp/4810547795.html,Boston MA,2014-12-18 09:41
retail/wholesale,"ATTENTION: RETAIL, PROMOTERS, FRONT OF THE HOUSE EXPERTS!",/nwb/ret/4810545379.html,,2014-12-18 09:39
food/beverage/hospitality,TWFood - Cook,/gbs/fbh/4810540958.html,Cambridge,2014-12-18 09:36
marketing/advertising/pr,Junior Project Coordinator - Entry Level Management - Full Training,/nwb/mar/4810540617.html,,2014-12-18 09:36
admin/office,Administrative Assistant,/nos/ofc/4810540519.html,Newburyport MA,2014-12-18 09:36
food/beverage/hospitality,EXCITING MANAGEMENT OPPORTUNITIES! GROWING COMPANY!,/gbs/fbh/4810538648.html,Lynnfield Ma,2014-12-18 09:34
food/beverage/hospitality,"EXPEDITOR part time, pm.",/gbs/fbh/4810537579.html,Boston,2014-12-18 09:33
admin/office,Part Time Payroll Staff,/sob/ofc/4810536273.html,Hingham/Hanover,2014-12-18 09:32
admin/office,Data Entry/Administrative Assistant,/nos/ofc/4810535109.html,Lawrence,2014-12-18 09:31
customer service,Verizon Hiring Sales/Customer Service,/gbs/csr/4810532499.html,Greater Boston/Framingham,2014-12-18 09:29
sales,Verizon Hiring Sales/Customer Service,/gbs/sls/4810532502.html,Greater Boston/Framingham,2014-12-18 09:29
customer service,Rental Sales Associate - Payless Car Rental,/gbs/csr/4810531363.html,boston,2014-12-18 09:28
accounting/finance,Retired CPA or Tax Professional ,/nos/acc/4810531252.html,Peabody,2014-12-18 09:28
transportation,VAN / FLATBED / REEFER DRIVERS DRIVERS WANTED - $$$$$$$$$$$$$$$$$$$,/gbs/trp/4810528752.html,ALL Massachusetts,2014-12-18 09:25
general labor,Snow Plow Drivers Needed!!!!,/bmw/lab/4810528312.html,metro west,2014-12-18 09:25
general labor,Bobcat Operators ,/gbs/lab/4810527336.html,Cambridge,2014-12-18 09:24
general labor,SNOW SHOVELERS NEEDED!!!,/bmw/lab/4810526918.html,Metro West,2014-12-18 09:24
transportation,CDL Class A Car hauler / Truck driver LOCAL ONLY. MUST PASS DRUG TEST.,/nos/trp/4810525201.html,North Shore,2014-12-18 09:22
transportation,Driver Wanted Mon-Fri 4am-3pm Shift for Uber Livery Company,/gbs/trp/4810525039.html,Boston / Cambridge,2014-12-18 09:22
sales,Advertising Sales Associate and Conference Producer ,/sob/sls/4810523954.html,Rockland,2014-12-18 09:21
admin/office,Assistant Director/Admin,/nwb/ofc/4810521500.html,Westford Ma,2014-12-18 09:19
food/beverage/hospitality,WEEKEND Sous Chef & Lead Prep Cook 4 fast-growing food startup Foodery,/gbs/fbh/4810521456.html,Boston,2014-12-18 09:19
accounting/finance,Finance Manager,/gbs/acc/4810520714.html,Boston,2014-12-18 09:18
accounting/finance,Staff Accountant,/bmw/acc/4810520689.html,waltham,2014-12-18 09:18
accounting/finance,Staff Accountant,/bmw/acc/4810520689.html,waltham,2014-12-18 09:18
accounting/finance,Senior Tax Associate,/gbs/acc/4810520639.html,Boston,2014-12-18 09:18
accounting/finance,BASEL Compliance Reporting Analyst,/gbs/acc/4810520601.html,Boston,2014-12-18 09:18
accounting/finance,Accounts Payable Processor,/gbs/acc/4810520330.html,Boston,2014-12-18 09:18
accounting/finance,Entry Level Finance,/gbs/acc/4810520286.html,Boston,2014-12-18 09:18
admin/office,Executive Assistant -- Temporary to Hire Position -- Nonprofit,/gbs/ofc/4810520239.html,Boston,2014-12-18 09:18
admin/office,Sales Coordinator -Temporary - International Company,/gbs/ofc/4810520211.html,Boston,2014-12-18 09:18
healthcare,Operating Room Nurse,/nos/hea/4810520011.html,BEVERLY MA,2014-12-18 09:17
admin/office,Administrative Assistant $40k -- Metro-West Location,/gbs/ofc/4810519957.html,Boston,2014-12-18 09:17
admin/office,Executive Assistant to $75k -- Plus Bonus and Excellent Benefits,/gbs/ofc/4810519926.html,Boston,2014-12-18 09:17
admin/office,Bi-lingual Spanish Coordinator - $15,/gbs/ofc/4810519882.html,Boston,2014-12-18 09:17
admin/office,Administrative Assistant to $65K-- Support Top Level Executive!!,/gbs/ofc/4810519843.html,Boston,2014-12-18 09:17
admin/office,Client Relations Associate--Work in a Fun Environment!,/gbs/ofc/4810519802.html,Boston,2014-12-18 09:17
admin/office,Administrative Specialist -- Downtown Boston -- 6 Months + 18/hr,/gbs/ofc/4810519771.html,Boston,2014-12-18 09:17
admin/office,Receptionist/Admin Assistant--TTP--Investment Firm--Up to $50k,/gbs/ofc/4810519738.html,Boston,2014-12-18 09:17
admin/office,Customer Service Professional ,/nos/ofc/4810517008.html,Danvers,2014-12-18 09:15
writing/editing,EDITOR/READER/FORMATER POSITION,/nos/wri/4810515766.html,,2014-12-18 09:13
accounting/finance,Junior Staff Accountant,/gbs/acc/4810514574.html,Boston - South Station Area,2014-12-18 09:12
admin/office,Insurance Agency - Assistant Customer Service,/sob/ofc/4810513594.html,Brockton ,2014-12-18 09:11
general labor,CLEANER WANTED! MAKE OVER $800 A WEEK - APPLY NOW & START IN 5 DAYS!,/gbs/lab/4810513523.html,,2014-12-18 09:11
food/beverage/hospitality,Floating Chef Manager - cafeteria service,/sob/fbh/4810511748.html,South Shore area,2014-12-18 09:09
healthcare,Surgical Technician/Instrument Tech,/nos/hea/4810510390.html,Beverly,2014-12-18 09:08
real estate,Quality Service Inspector - Part-time ,/gbs/rej/4810506463.html,Boston,2014-12-18 09:04
admin/office,Office Administrator/Receptionist,/nwb/ofc/4810505946.html,Westford MA,2014-12-18 09:03
food/beverage/hospitality,Cafeteria Aide - F/T- Whittier Rehabilitation Hospital,/bmw/fbh/4810504069.html,Westborough MA,2014-12-18 09:01
transportation,✰REGIONAL Driver Needed - Great Pay - Great Equipment✰,/bmw/trp/4810502875.html,Boston,2014-12-18 09:00
healthcare,Participate in a sleep study that investigates metabolism and diet,/gbs/hea/4810502541.html,Boston MA,2014-12-18 09:00
customer service,!!!Receive Daily Pay / Immediate Hire / Medical Benefits!!!,/nwb/csr/4810502169.html,Boston ,2014-12-18 08:59
general labor,!!!Receive Daily Pay / Immediate Hire / Medical Benefits!!!,/nwb/lab/4810502171.html,Boston ,2014-12-18 08:59
retail/wholesale,!!!Receive Daily Pay / Immediate Hire / Medical Benefits!!!,/nwb/ret/4810502173.html,Boston ,2014-12-18 08:59
sales,!!!Receive Daily Pay / Immediate Hire / Medical Benefits!!!,/nwb/sls/4810502174.html,Boston ,2014-12-18 08:59
food/beverage/hospitality,Hospitality Aides - F/T + P/T - Whittier Rehabilitation Hospital,/bmw/fbh/4810501364.html,Westborough MA,2014-12-18 08:59
et cetera,Are you 30-55 years old and have a flexible schedule? ,/gbs/etc/4810499781.html,Boston MA,2014-12-18 08:57
nonprofit,"Pine Street Inn, Property Management Administrator, 14-164",/gbs/npo/4810498546.html,82 Green St Jamaica Plain MA,2014-12-18 08:56
sales,PATRIOTS FANS ONLY - Sales Team - Full Time/Paid Training/M-F,/sob/sls/4810496014.html,Braintree MA,2014-12-18 08:53
food/beverage/hospitality,99 Restaurants - Line Cooks & Dishwashers - Join Our Team!,/nwb/fbh/4810495462.html,144 Lowell Street in Wilmington,2014-12-18 08:52
marketing/advertising/pr,Company Expansion - Marketing Positions - Full Time/Paid Training,/sob/mar/4810495019.html,Hingham MA,2014-12-18 08:52
sales,COOKING SHOW HOST! Sales/Product Demo,/nwb/sls/4810494180.html,,2014-12-18 08:51
food/beverage/hospitality,99 Restaurants - Line Cooks & Dishwashers - Join Our Team!,/nos/fbh/4810493621.html,317 Salem Street in Lynnfield,2014-12-18 08:50
business/mgmt,3 Entry Level - 2 Management Trainee Positions - Immediate Interviews!,/sob/bus/4810492374.html,Quincy MA,2014-12-18 08:49
food/beverage/hospitality,HOSPITALITY EXPERIENCE - Full Time - No Late Nights or Holidays,/sob/fbh/4810491187.html,Boston MA,2014-12-18 08:47
customer service,Customer Service/Full Time/Entry Level Positions- Paid Training!,/sob/csr/4810490350.html,Marshfield MA,2014-12-18 08:46
skilled trades/artisan,CABINET MAKER (Junior and Experienced),/sob/trd/4810487704.html,South Shore MA,2014-12-18 08:43
human resource,Recruiter,/gbs/hum/4810487389.html,,2014-12-18 08:43
healthcare,Nurse Case Manager - World Class Healthcare Org.,/sob/hea/4810486951.html,Quincy,2014-12-18 08:42
accounting/finance,Construction company seeks full charge bookkeeper ,/sob/acc/4810486628.html,Canton,2014-12-18 08:42
skilled trades/artisan,Estimator and Business Development,/sob/trd/4810485408.html,Brockton MA,2014-12-18 08:40
customer service,JOIN OUR GROWING TEAM! TWO MEN AND A TRUCK ,/nwb/csr/4810484661.html,Woburn,2014-12-18 08:39
human resource,Recruiting Associate -- Higher Education,/gbs/hum/4810483919.html,Boston,2014-12-18 08:38
admin/office,Travel Arrangement Specialist to the CFO,/gbs/ofc/4810483619.html,,2014-12-18 08:38
admin/office,Executive Assistant to Director of Consulting and Partners ,/gbs/ofc/4810482992.html,,2014-12-18 08:37
sales,"Sales Representative, Westborough area ",/gbs/sls/4810482448.html,,2014-12-18 08:36
customer service,"Call Center Rep, Quincy ",/gbs/csr/4810481858.html,,2014-12-18 08:36
skilled trades/artisan,PAINTERS -- YEAR-ROUND POSITIONS,/gbs/trd/4810481764.html,Metro Boston/128 area,2014-12-18 08:35
admin/office,Benefits Services Assistant ,/gbs/ofc/4810481115.html,,2014-12-18 08:35
admin/office,PR Assistant/ Marketing,/gbs/ofc/4810480569.html,,2014-12-18 08:34
human resource,HR Generalist -- Financial ,/gbs/hum/4810480419.html,Boston,2014-12-18 08:34
admin/office,HR Admin (Cambridge) ,/gbs/ofc/4810480108.html,,2014-12-18 08:33
admin/office,Front Desk Receptionist,/gbs/ofc/4810479856.html,Boston,2014-12-18 08:33
admin/office,Advertising Coordinator (Boston) ,/gbs/ofc/4810479656.html,,2014-12-18 08:33
human resource,Compensation Specialist-Non Profit,/gbs/hum/4810479280.html,Cambridge,2014-12-18 08:32
admin/office,Assistant Coordinator (Boston),/gbs/ofc/4810478642.html,,2014-12-18 08:31
admin/office,Unit Secretary-Hospital (Boston) ,/gbs/ofc/4810478155.html,,2014-12-18 08:31
admin/office,Event Management Specialist (Boston) ,/gbs/ofc/4810477645.html,,2014-12-18 08:30
customer service,Marketing Assistant (Cambridge) ,/gbs/csr/4810477148.html,,2014-12-18 08:29
customer service,Member Services Representative (Brighton) ,/gbs/csr/4810476461.html,,2014-12-18 08:28
customer service,Enrollment Coordinator (Cambridge) ,/gbs/csr/4810475886.html,,2014-12-18 08:28
admin/office,Program Assistant-Boston ,/gbs/ofc/4810475212.html,,2014-12-18 08:27
admin/office,Administrative Assistant - Recent College Graduates,/gbs/ofc/4810474935.html,Boston,2014-12-18 08:26
admin/office,Part Time Marketing Assistant,/gbs/ofc/4810472988.html,Brighton MA,2014-12-18 08:24
admin/office,Administrative Assistant - Senior Level,/gbs/ofc/4810472169.html,Boston,2014-12-18 08:23
food/beverage/hospitality,Cafeteria help ONE DAY PER WEEK,/bmw/fbh/4810471934.html,Framingham,2014-12-18 08:22
education/teaching,7th Grade Science Teacher,/nwb/edu/4810470295.html,Lowell MA,2014-12-18 08:20
education/teaching,7th/8th Grade Math Teacher,/nwb/edu/4810467622.html,Lowell MA ,2014-12-18 08:16
skilled trades/artisan,Growing truck dealership looking for experience diesel mechanics,/nos/trd/4810466559.html,Medford,2014-12-18 08:14
education/teaching,60-70 Tutors Needed: All Academic & Test Prep Subjects,/gbs/edu/4810466484.html,Boston Metro and All Suburbs,2014-12-18 08:14
skilled trades/artisan,Electricans and Apprentices,/sob/trd/4810462147.html,Carver,2014-12-18 08:08
government,Apply For Federal Position - Sales Store Checker GS2091,/gbs/gov/4810460797.html,Boston,2014-12-18 08:06
retail/wholesale,Apply For Federal Position - Sales Store Checker GS2091,/gbs/ret/4810460798.html,Boston,2014-12-18 08:06
transportation,Driver Wanted Sat & Sun 7am -4pm for Uber Livery Co,/gbs/trp/4810459993.html,Boston / Cambridge,2014-12-18 08:04
customer service,RESTAURANT / BAR / RETAIL / CUSTOMER SERVICE EXPERIENCE WANTED!,/sob/csr/4810455226.html,,2014-12-18 07:56
food/beverage/hospitality,RESTAURANT / BAR / RETAIL / CUSTOMER SERVICE EXPERIENCE WANTED!,/sob/fbh/4810455229.html,,2014-12-18 07:56
marketing/advertising/pr,RESTAURANT / BAR / RETAIL / CUSTOMER SERVICE EXPERIENCE WANTED!,/sob/mar/4810455231.html,,2014-12-18 07:56
retail/wholesale,RESTAURANT / BAR / RETAIL / CUSTOMER SERVICE EXPERIENCE WANTED!,/sob/ret/4810455232.html,,2014-12-18 07:56
transportation,Evening Driver Wanted Mo-Fri 4pm-2am for Uber Livery Company,/gbs/trp/4810446002.html,Boston / Cambridge,2014-12-18 07:39
customer service,Insurance Agency CSR,/bmw/csr/4810444701.html,Worcester,2014-12-18 07:37
healthcare,Dental Assistant- Saturday Mornings Only,/nwb/hea/4810435697.html,Chelmsford,2014-12-18 07:17
food/beverage/hospitality,Dunkin Donuts Crew Member,/bmw/fbh/4810433418.html,16 Washington St ,2014-12-18 07:11
art/media/design,School Media Lab Coordinator,/gbs/med/4810410591.html,Boston ,2014-12-18 06:01
food/beverage/hospitality,SO YOU THINK YOU CAN COOK.....THEN GET OVER TO ANDREW SQUARE! CALL!,/bmw/fbh/4810405177.html,Boston and Beyond,2014-12-18 05:38
marketing/advertising/pr,PARTTIME PROFESSIONAL COLD CALLING FROM HOME,/nwb/mar/4810404849.html,Your home office,2014-12-18 05:37
marketing/advertising/pr,VP of Marketing,/nwb/mar/4810401637.html,Boston,2014-12-18 05:22
admin/office,Immediate Opening for An Admin Assistant,/gbs/ofc/4810401046.html,Boston MA,2014-12-18 05:20
transportation,7D 7 D 7-D and TAXI DRIVER $100.00 to $250.00 cash take home a day,/sob/trp/4810335832.html,QUINCY-MILTON,2014-12-18 01:33
real estate,CALLING OUT ALL RENTAL AGENTS - KIMURA REALTY IS HIRING - JOIN NOW,/gbs/rej/4810326118.html,Based in Somerville~Work Anywhere In Mass,2014-12-18 01:13
sales,Dealer Relationship Manager wanted NOW,/sob/sls/4810316420.html,Eastern MA,2014-12-18 00:54
salon/spa/fitness,Licensed Nail Technician ,/nos/spa/4810305733.html,Arlington ,2014-12-18 00:35
education/teaching,violin teacher wanted,/gbs/edu/4810299084.html,Dorchester-Boston,2014-12-18 00:24
sales,Automotive Sales Person Wanted... Start Today,/nos/sls/4810298986.html,Saugus,2014-12-18 00:24
food/beverage/hospitality,Tiffani Faison's Sweet Cheeks Q - Looking for PM Line Cook ,/gbs/fbh/4810290396.html,Boston - Fenway ,2014-12-18 00:11
